pairs_total,snr_gap_mean,snr_gap_median,snr_H_mean,snr_A_mean
9,14.009605293632212,13.057867763889323,22.70370057327437,8.694095279642157
