pairs_total,snr_gap_mean,snr_gap_median,snr_H_mean,snr_A_mean
960,332.35931580419407,313.07822505700034,361.27732778874116,28.91801198454706
